,user,text,favorite_count,retweet_count,created_at
0,elonmusk,All four orbital launch pads fully loaded with rockets for the first time! https://t.co/EXlB0p5vWN,46189,3997,2023-01-10 06:36:19+00:00
1,elonmusk,@mtaibbi Exactly,21803,1596,2023-01-10 02:18:10+00:00
2,elonmusk,@TrungTPhan That is dedication,20323,663,2023-01-09 20:26:23+00:00
3,elonmusk,@BillyM2k We will strive to increase the joy of Twitter!,43306,2025,2023-01-09 20:15:54+00:00
4,elonmusk,@ggreenwald Tragic,62544,2715,2023-01-09 17:48:50+00:00
5,elonmusk,@paulg New UI coming this week allowing easy switch between recommended &amp; followed. Recommendations will get much better later this year.,12151,635,2023-01-09 16:27:31+00:00
6,elonmusk,@ggreenwald True,8071,725,2023-01-09 16:25:55+00:00
7,elonmusk,@MuskUniversity This is the foundation of my philosophy,16715,814,2023-01-09 16:14:21+00:00
8,elonmusk,@greg16676935420 Any minute now ‚Ä¶,89305,2604,2023-01-09 06:20:25+00:00
9,elonmusk,@RGVaerialphotos @indnstar @Thomaseo01 @JaxLR07 @CSI_Starbase @RLT_Spaceflight @DeffGeff @TekG33k @BingoBoca @MrPleasantRS @rocketjunkie94 Massey‚Äôs gun range is being turned into a rocket test facility. Perfect match.,7021,397,2023-01-09 04:55:36+00:00
10,elonmusk,@IMAO_ @neontaster Agreed,3301,154,2023-01-09 01:23:27+00:00
11,elonmusk,"@neontaster We will also be adding simple formatting features like bold, underline &amp; font size later this quarter. 

The goal is to allow people to publish long-form natively on Twitter, rather than forcing them to use another website.

Twitter will continue to recommend brevity in tweets.",6772,723,2023-01-09 01:20:11+00:00
12,elonmusk,"@neontaster Yes, these will get the same Timeline screen space as other tweets, but you will be able to click for more",15106,827,2023-01-09 01:16:58+00:00
13,elonmusk,I hope that the people of Brazil are able to resolve matters peacefully,372504,24814,2023-01-08 23:29:31+00:00
14,elonmusk,(Chart by James Stephenson) https://t.co/rOHfjXGVmU,79260,7597,2023-01-08 22:23:42+00:00
15,elonmusk,@TrungTPhan üî•ü§£,10680,326,2023-01-08 22:13:17+00:00
16,elonmusk,@micsolana Step up your game ü§£ü§£,21754,729,2023-01-08 22:12:13+00:00
17,elonmusk,"Easy swipe right/left to move between recommended vs followed tweets rolls out later this week.

First part of a much larger UI overhaul.

Bookmark button (de facto silent like) on Tweet details rolls out a week later.

Long form tweets early Feb.",163766,13196,2023-01-08 03:48:20+00:00
18,elonmusk,@WholeMarsBlog We have a real shot at late February.  March launch attempt appears highly likely.,18901,1394,2023-01-08 03:41:19+00:00
19,elonmusk,@DavidSacks It will go lower,42160,1560,2023-01-08 03:05:50+00:00
20,elonmusk,@PeterDiamandis Risky Business (great movie),14031,688,2023-01-08 01:05:44+00:00
21,elonmusk,@BillyM2k ü§£,16581,447,2023-01-08 01:00:56+00:00
22,elonmusk,@TheBabylonBee ü§£,16862,579,2023-01-07 22:58:44+00:00
23,elonmusk,@SamTwits @CommunityNotes,7654,368,2023-01-07 22:57:54+00:00
24,elonmusk,@TheRabbitHole84 üëÄ,9171,342,2023-01-07 22:57:11+00:00
25,elonmusk,@NASASpaceflight It‚Äôs amazing to see them work in unison ‚Äì so much has to go right for that to happen!,10937,507,2023-01-07 22:56:47+00:00
26,elonmusk,"@engineers_feed Lol no, Newton‚Äôs Third Law",125148,4009,2023-01-07 22:54:58+00:00
27,elonmusk,Plaid is sickkk https://t.co/OxBD8Zv7Xq,80685,5219,2023-01-07 22:50:40+00:00
28,elonmusk,@Jason The mind virus is strong in the Bay Area,71528,4210,2023-01-07 22:48:48+00:00
29,elonmusk,@mayemusk @CBSNews @Twitter The fake emerald mine thing is so annoying (sigh). Like where exactly is this thing anyway!?,37430,2531,2023-01-07 22:45:11+00:00
30,elonmusk,@WholeMarsBlog Looks like V11.3 will be ready for wide release in about 2 weeks. Many major improvements.,26267,1756,2023-01-07 18:10:04+00:00
31,elonmusk,@TrungTPhan !,3660,174,2023-01-07 17:23:08+00:00
32,elonmusk,@MuskUniversity Happy days tbh,33508,1095,2023-01-07 17:21:08+00:00
33,elonmusk,@paulg True,6463,302,2023-01-07 16:57:25+00:00
34,elonmusk,Thread on how safe Tesla cars are https://t.co/M3Hf3q4kh3,49873,4744,2023-01-07 16:56:11+00:00
35,elonmusk,@paulg People on Twitter should like more tweets in general!,87023,2678,2023-01-07 15:58:31+00:00
36,elonmusk,@BillyM2k @KevinChunilal Nice,3008,153,2023-01-07 11:16:37+00:00
37,elonmusk,@WholeMarsBlog @ValerianIlies People still don‚Äôt get it,8721,625,2023-01-07 10:40:37+00:00
38,elonmusk,@_TheRealTony3_ @MercedesBenz @Tesla @SawyerMerritt Good for them,22614,681,2023-01-07 10:38:05+00:00
39,elonmusk,"@RichardGarriott Tanks are a deathtrap now. With neither side having air superiority, you‚Äôre left with infantry &amp; artillery ‚Äì essentially WW1.",22736,1301,2023-01-07 10:23:33+00:00
40,elonmusk,@BillyM2k ü§£,67264,1603,2023-01-07 10:18:06+00:00
41,elonmusk,@TheRabbitHole84 An actual Jurassic Park would be awesome,16499,788,2023-01-06 18:46:13+00:00
42,elonmusk,(JCO was joking btw),69691,2139,2023-01-06 18:35:24+00:00
43,elonmusk,8 years later &amp; still no laws ‚Ä¶ üò¢ https://t.co/9fjb24XvFG,399803,30489,2023-01-06 18:05:15+00:00
44,elonmusk,@TheBabylonBee ü§£,40216,1245,2023-01-06 17:55:18+00:00
45,elonmusk,@pmarca Twitter has at least 10 million Wokeys,41102,2484,2023-01-06 09:47:24+00:00
46,elonmusk,@hodgetwins Looking into it,47719,1842,2023-01-06 09:03:49+00:00
47,elonmusk,@laralogan This demands an explanation,11586,1470,2023-01-06 01:06:53+00:00
48,elonmusk,"@HowThingsWork_ The Drone Wars are already a big deal, but we ain‚Äôt seen nothing yet ‚Ä¶",41127,2241,2023-01-06 00:01:48+00:00
49,elonmusk,"If I dig my grave deep enough, maybe it comes out other side of Earth ü§î",332706,20824,2023-01-05 23:43:43+00:00
50,elonmusk,@RenataKonkoly Great advice! ü§£ü§£,8149,314,2023-01-05 23:41:23+00:00
51,elonmusk,Some habits are hard to break lol.  Maybe I should just get bulletproof shoes ‚Ä¶ https://t.co/8Ve7it6X0T,97019,6124,2023-01-05 23:37:53+00:00
52,elonmusk,@lrocket Hi Tom!,15632,448,2023-01-05 23:15:22+00:00
53,elonmusk,@Hitch_Slapping @DrJBhattacharya True,12744,538,2023-01-05 23:11:31+00:00
54,elonmusk,Ouch my feet!! https://t.co/4pqBY6rZDu,84851,4745,2023-01-05 21:27:32+00:00
55,elonmusk,@cb_doge @MrAndyNgo @josephmenn @ExplainThisBob Will do. He is a good bot.,4458,244,2023-01-05 21:24:28+00:00
56,elonmusk,@MrAndyNgo @josephmenn Joseph Menn is a contemptible liar. Twitter policy has always been to suspend accounts that clearly &amp; repeatedly incite violence.,25543,2401,2023-01-05 21:20:58+00:00
57,elonmusk,@jonastyle_ Journalists should do shots every time there is a negative article about me ‚Ä¶,51914,2605,2023-01-05 16:57:43+00:00
58,elonmusk,Elon Musk should,133951,10440,2023-01-05 16:22:25+00:00
59,elonmusk,"Subtle, but I am beginning to suspect opinions differ on this matter ‚Ä¶

If not McCarthy, then seriously who?",61017,3705,2023-01-05 16:19:29+00:00
60,elonmusk,@ChrisJBakke ü§£,6111,161,2023-01-05 16:14:22+00:00
61,elonmusk,Sped up trip there &amp; back again https://t.co/h9z4vt7kER,171999,17942,2023-01-05 16:12:24+00:00
62,elonmusk,@tomselliott ü§£ü§£,12409,503,2023-01-05 11:15:29+00:00
63,elonmusk,"@heliobeltrao @Rconstantino @rothbard_brasil If it is ordered by the court, do we have any choice?",3709,311,2023-01-05 10:25:34+00:00
64,elonmusk,Kevin McCarthy should be Speaker,166074,11870,2023-01-05 10:23:53+00:00
65,elonmusk,@pmarca ü§¶‚Äç‚ôÇÔ∏è,7479,326,2023-01-05 09:09:57+00:00
66,elonmusk,@MuskUniversity Necessary to make life multiplanetary,25681,1513,2023-01-05 06:44:15+00:00
67,elonmusk,@pmarca It‚Äôs a new world. Goodbye homework!,76245,4228,2023-01-05 04:03:54+00:00
68,elonmusk,@CathieDWood Wow,25792,1045,2023-01-05 03:56:02+00:00
69,elonmusk,"@Basti Public likes &amp; non-public likes (aka bookmarks) should both be included in like count. 

Bookmark button should be on main tweet view.",10394,526,2023-01-05 01:30:45+00:00
70,elonmusk,@GadSaad True.,35112,1602,2023-01-05 00:53:29+00:00
71,elonmusk,@mtaibbi Interesting,15222,1175,2023-01-04 07:18:36+00:00
72,elonmusk,@NASASpaceflight Seems like our image recognition needs some work! https://t.co/oaHQYku4Av,29841,1135,2023-01-04 03:47:22+00:00
73,elonmusk,@Liz_Wheeler Certainly worth further investigation,97175,7167,2023-01-04 02:00:53+00:00
74,elonmusk,"12 months ago, I was Person of the Year",726256,43482,2023-01-04 01:55:18+00:00
75,elonmusk,@ShellenbergerMD What has become of @60Minutes?,72229,5756,2023-01-04 01:23:21+00:00
76,elonmusk,@TheBabylonBee ü§£ü§£,31354,1060,2023-01-04 00:55:38+00:00
77,elonmusk,Please comment on this matter https://t.co/Oip43FcVo2,53347,7278,2023-01-04 00:36:33+00:00
78,elonmusk,@DriveTeslaca @Tesla Good news,38494,1340,2023-01-04 00:13:08+00:00
79,elonmusk,"US govt agency demanded suspension of 250k accounts, including journalists &amp; Canadian officials! https://t.co/kcEMMCzF7d",149233,43940,2023-01-03 23:42:11+00:00
80,elonmusk,"@sparklingruby If you leave out contact information &amp; names of junior employees, then yes",18615,1060,2023-01-03 23:27:59+00:00
81,elonmusk,@jordanbpeterson @CPOntario Please live-stream this on Twitter Spaces,40939,3195,2023-01-03 23:25:04+00:00
82,elonmusk,@waitbutwhy Would be worth it to see the video lulz,10517,441,2023-01-03 23:22:58+00:00
83,elonmusk,https://t.co/dJvUeO2P5t,424017,62063,2023-01-03 23:21:23+00:00
84,elonmusk,"@mtaibbi Hey @RepAdamSchiff, what‚Äôs this?",67823,14157,2023-01-03 23:07:37+00:00
85,elonmusk,@MarioFratto @jordanbpeterson @CPOntario @PierrePoilievre @JustinTrudeau Sounds like it,11315,634,2023-01-03 20:37:51+00:00
86,elonmusk,Another episode of The Twitter Files https://t.co/vYpYivK7hv,107305,23206,2023-01-03 20:37:23+00:00
87,elonmusk,@jordanbpeterson That is extremely concerning!,52636,3810,2023-01-03 20:23:05+00:00
88,elonmusk,@ShellenbergerMD Ehrlich is mad as a hatter. He is someone who regards humanity as bad in and of itself ‚Äì anti-human to the core.,15916,2221,2023-01-03 19:53:26+00:00
89,elonmusk,@teslaownersSV @DrKnowItAll16 @Tesla @POTUS @UAW Correct,5544,368,2023-01-03 18:49:20+00:00
90,elonmusk,@mikeduncan Feels like we are at an inflection point,19189,1000,2023-01-03 18:48:57+00:00
91,elonmusk,@jordanbpeterson @CPOntario @PierrePoilievre @JustinTrudeau !!,44691,2905,2023-01-03 18:22:03+00:00
92,elonmusk,@farzyness Messed up!,43146,1812,2023-01-03 16:25:33+00:00
93,elonmusk,@SciGuySpace Shelby did his best to hold back SpaceX,5798,448,2023-01-03 15:53:18+00:00
94,elonmusk,@DrKnowItAll16 @Tesla Penalized for making our SUV too mass-efficient? That is bizarre.,57596,2887,2023-01-03 05:04:46+00:00
95,elonmusk,@BillyM2k maybe ‚Ä¶ maybe we do? ü§î,48621,1795,2023-01-03 04:48:01+00:00
96,elonmusk,@jgebbia But how do they earn a profit? Volume.,3453,196,2023-01-03 02:18:46+00:00
97,elonmusk,@JackPosobiec Looking into it,46638,1972,2023-01-03 02:14:14+00:00
98,elonmusk,@jgebbia Bank branches &amp; ATMs too,3622,349,2023-01-03 00:21:02+00:00
99,elonmusk,@ShellenbergerMD @ScottPelley @PaulREhrlich Absolutely,26582,1530,2023-01-02 23:49:59+00:00
100,elonmusk,@AlexEpstein @ScottAdamsSays @60Minutes @ShellenbergerMD @BjornLomborg @BrianGitt @HumanProgress @RitaPanahi @jordanbpeterson Ehrlich despises humanity. Nothing he says should be given the slightest credibility.,74910,7843,2023-01-02 16:43:45+00:00
101,elonmusk,@jordanbpeterson His ‚ÄúPopulation Bomb‚Äù book might the most damaging anti-human thing ever written,69264,6745,2023-01-02 06:04:49+00:00
102,elonmusk,@stillgray Mostly accurate tbh,63260,2800,2023-01-02 05:25:38+00:00
103,elonmusk,@libsoftiktok üßê,35822,1660,2023-01-02 03:31:11+00:00
104,elonmusk,@pmarca ü§£ü§£,38157,1256,2023-01-02 03:11:08+00:00
105,elonmusk,"@willdepue lol, but maybe",6233,267,2023-01-02 03:05:31+00:00
106,elonmusk,@gdb Yikes,11878,445,2023-01-01 22:37:51+00:00
107,elonmusk,@atensnut Later this week,48089,4404,2023-01-01 22:26:09+00:00
108,elonmusk,@TheRabbitHole84 Concerning,33677,2082,2023-01-01 21:55:46+00:00
109,elonmusk,@TomFitton @CDCgov The CDC?,29628,2951,2023-01-01 20:46:27+00:00
110,elonmusk,@catturd2 Hey!,87444,2218,2023-01-01 20:42:34+00:00
111,elonmusk,@stillgray Nice,17350,526,2023-01-01 20:30:48+00:00
112,elonmusk,@farzyness @MartinViecha @Sen_JoeManchin @POTUS This is messed up,46151,2486,2023-01-01 20:29:37+00:00
113,elonmusk,@AOC üëã,20923,644,2023-01-01 20:28:43+00:00
114,elonmusk,"@jordanbpeterson Not sure, but after watching some of his talks online, he would not be an obvious choice to play the protagonist in a movie",38278,2559,2023-01-01 20:13:27+00:00
115,elonmusk,@alifarhat79 ü§∑‚Äç‚ôÇÔ∏è,103103,2099,2023-01-01 20:04:57+00:00
116,elonmusk,@lexfridman Good list,23032,685,2023-01-01 19:37:35+00:00
117,elonmusk,@BriannaWu Thanks for paying me $8,106151,4667,2023-01-01 19:34:42+00:00
118,elonmusk,"@grizzzmint @TheRabbitHole84 Which is, ironically, obviously super racist!",8596,554,2023-01-01 19:33:38+00:00
119,elonmusk,@cb_doge @mayemusk ü§£,27521,671,2023-01-01 19:29:30+00:00
120,elonmusk,@robinmonotti !!,36409,2694,2023-01-01 19:26:19+00:00
121,elonmusk,"Hope you‚Äôre having a great day 1 2023!

One thing‚Äôs for sure, it won‚Äôt be boring.",614930,45431,2023-01-01 19:25:38+00:00
122,elonmusk,"@WholeMarsBlog Agreed, update coming in Jan",20286,817,2022-12-31 22:19:51+00:00
123,elonmusk,@jpr007 I‚Äôd like to thank the people of Norway again for their incredible support of electric vehicles. Norway rocks!! üá≥üá¥,52333,2087,2022-12-31 22:15:41+00:00
124,elonmusk,"@ScottAdamsSays @Mediaite Yeah, this is silly. I love your work!",21955,999,2022-12-31 22:10:36+00:00
125,elonmusk,"@TimRunsHisMouth @ZaleskiLuke Exactly! I am obviously ‚Äúmoderate wing‚Äù, except as viewed by the far left.",24981,1572,2022-12-31 22:09:21+00:00
126,elonmusk,@pmarca Piketty is a misanthrope,18651,1018,2022-12-31 21:41:42+00:00
127,elonmusk,@drefanzor @oadegbolamdphd @fahmialalam On the list,6109,300,2022-12-31 18:34:13+00:00
128,elonmusk,Sometimes it‚Äôs just better to make pizza at home,753228,46165,2022-12-31 18:26:16+00:00
129,elonmusk,@oadegbolamdphd @fahmialalam Absolutely,1663,68,2022-12-31 18:18:07+00:00
130,elonmusk,"@hodgetwins @TheBabylonBee Key test for authenticity is how someone is in live back &amp; forth discussion where canned speeches don‚Äôt work, eg Twitter Spaces. Has she done anything like that?",22563,1752,2022-12-31 18:16:51+00:00
131,elonmusk,"Unlike likes, bookmarks are private",82783,3960,2022-12-31 10:00:01+00:00
132,elonmusk,@fahmialalam Yes,7502,226,2022-12-31 09:04:16+00:00
133,elonmusk,Easy to create folders to bookmark tweets into various categories,84806,4622,2022-12-31 09:02:21+00:00
134,elonmusk,"Twitter has a bookmark function accessible through share button on tweet. 

To read bookmarks, tap profile icon.

This obscure UI will be fixed in Jan.",186033,13809,2022-12-31 08:51:10+00:00
135,elonmusk,"@stillgray To the best of my knowledge, I have never met him, nor was I at that Halloween party in Romania",16086,1047,2022-12-31 07:33:45+00:00
136,elonmusk,@alex_avoigt Please take both of those sentences fully to heart!,15992,833,2022-12-31 05:38:25+00:00
137,elonmusk,@MuskUniversity Absolutely,45173,1798,2022-12-31 05:37:06+00:00
138,elonmusk,@WholeMarsBlog Tesla Megapack (and Powerwall) will make a massive difference to achieving a sustainable energy future for Earth!,14229,1124,2022-12-31 05:23:15+00:00
139,elonmusk,"@WholeMarsBlog Yup, should be the best deal in town!",16324,695,2022-12-31 05:19:10+00:00
140,elonmusk,@BillyM2k ü¶ú,6580,379,2022-12-30 23:25:29+00:00
141,elonmusk,@getpaidwrite üíØ,19081,579,2022-12-30 23:16:58+00:00
142,elonmusk,"@teslaownersSV It‚Äôs good to switch back &amp; forth. As we improve Twitter AI, recommended tweets, lists &amp; topics will become awesome.",6749,497,2022-12-30 22:51:35+00:00
143,elonmusk,@teslaownersSV @Tesla Long-term fundamentals are extremely strong. Short-term market madness is unpredictable.,22917,1983,2022-12-30 22:43:10+00:00
144,elonmusk,"@Rainmaker1973 @paulg Sorry, this incorrect tagging should be fixed within a month or two",9002,342,2022-12-30 22:28:13+00:00
145,elonmusk,"@PeterDiamandis AI safety is a real concern!
https://t.co/9HpZtAyHIH",8678,564,2022-12-30 22:19:35+00:00
146,elonmusk,@TheOnion Been there,12138,407,2022-12-30 22:16:28+00:00
147,elonmusk,@gunsnrosesgirl3 ‚ÄúYou‚Äôre not an NPC‚Äù,78227,2714,2022-12-30 21:59:19+00:00
148,elonmusk,"@jasondebolt Twitter gives you immediate news from the actual sources themselves vs filtered, hidden-agenda ‚Äúnews‚Äù that is days old",74730,7019,2022-12-30 21:57:43+00:00
149,elonmusk,@neiltyson I would‚Äôve expected more center,9909,369,2022-12-30 21:48:14+00:00
150,elonmusk,@BillyM2k üòµ‚Äçüí´,9609,360,2022-12-30 21:35:48+00:00
151,elonmusk,If you don‚Äôt think there‚Äôs at least a tiny chance you‚Äôre an NPC ‚Ä¶ you‚Äôre an NPC,357362,30591,2022-12-30 21:32:50+00:00
152,elonmusk,@DowJonesAl Notable corrections deserve credit!,13331,542,2022-12-30 21:31:25+00:00
153,elonmusk,@PeterDiamandis Sooner,13438,684,2022-12-30 21:15:04+00:00
154,elonmusk,"@cb_doge @BillyM2k Yeah, icon placement &amp; visual cues are not great",2130,132,2022-12-30 20:39:04+00:00
155,elonmusk,@TheBabylonBee The sheer amount of brand awareness achieved by Greta within a few years is astounding. I think she‚Äôs cool tbh.,66770,2268,2022-12-30 20:37:58+00:00
156,elonmusk,@suhel Lists too,3193,163,2022-12-30 20:31:08+00:00
157,elonmusk,"New Twitter navigation coming in Jan that allows swiping to side to switch between recommended &amp; followed tweets, trends, topics, etc.

Until then, tap stars icon on upper right of home screen to switch. https://t.co/1OKh6kQrRZ",131313,11401,2022-12-30 20:26:24+00:00
158,elonmusk,@MarcusYafeelus @matthewloop @ScottAdamsSays Better hustle with the Mars rockets!,2787,228,2022-12-30 20:21:48+00:00
159,elonmusk,@RichardDawkins The woke mind virus is penetrating the firewalls of some of the world‚Äôs smartest meat computers at a prodigious rate!,12292,1378,2022-12-30 20:16:27+00:00
160,elonmusk,@TrungTPhan Pretty much,42391,878,2022-12-30 20:07:32+00:00
161,elonmusk,@ggreenwald @kattenbarge Their fiction isn‚Äôt even good!,9305,686,2022-12-30 20:05:14+00:00
162,elonmusk,"@FelixSchlang @BillyM2k @mishaboar @StonksReddit That would be ironic, since I am literally the single biggest supporter of Ukraine outside of major governments.

The peace plan I proposed was for the benefit of Ukraine. This will become utterly obvious, if it isn‚Äôt already.",6054,528,2022-12-30 19:45:25+00:00
163,elonmusk,"@darew265 @BillyM2k @mishaboar @StonksReddit BYOTP! Lol, it was true for half a day.",3406,209,2022-12-30 19:41:51+00:00
164,elonmusk,@omzStudio @BillyM2k @mishaboar @StonksReddit ü§£ü§£,2211,99,2022-12-30 19:37:56+00:00
165,elonmusk,@BillyM2k @mishaboar @StonksReddit Do they give reasons?,3215,193,2022-12-30 19:35:16+00:00
166,elonmusk,@cb_doge @ScottAdamsSays Not enough,4310,182,2022-12-30 19:21:21+00:00
167,elonmusk,"@ScottAdamsSays My reason for declining the Davos invitation was not because I thought they were engaged in diabolical scheming, but because it sounded boring af lol",16976,1536,2022-12-30 19:19:31+00:00
168,elonmusk,"@ScottAdamsSays It‚Äôs not some illuminati plot to destroy humanity, but rather an extension of the well-meaning environmental sustainability movement that has gone too far",17590,1924,2022-12-30 19:10:29+00:00
169,elonmusk,"@ScottAdamsSays I don‚Äôt think we should divide issues semi-randomly into ‚Äúleft‚Äù and ‚Äúright‚Äù tribes, as it inhibits critical thinking.

The idea that there are too many people generally stems from the axiomatic flaw that Earth‚Äôs environment can‚Äôt sustain its current population.",16839,1966,2022-12-30 18:56:07+00:00
170,elonmusk,"@ScottAdamsSays This is neither a ‚Äúright‚Äù nor a ‚Äúleft‚Äù issue. 

Run antivirus software in your brain.",14210,1763,2022-12-30 18:07:48+00:00
171,elonmusk,https://t.co/v1rrSsdwdg,1014458,144582,2022-12-30 14:12:15+00:00
172,elonmusk,@ScottAdamsSays Use https://t.co/2NjvMTsWmj if need be,6722,816,2022-12-30 13:41:15+00:00
173,elonmusk,"@RessaminCiragi @ScottAdamsSays @borsaressami I will inquire. We really need to roll out the feature showing why an account was suspended or visibility filtered 
(aka ghostbanned). Will happen in Jan.",5833,705,2022-12-30 13:34:20+00:00
174,elonmusk,"@ScottAdamsSays It is a very common sentiment, mostly implicit, sometimes explicit https://t.co/8JUc7eDZe4",11455,1552,2022-12-30 13:29:40+00:00
175,elonmusk,@nuzushop Is this a scam?,1982,140,2022-12-30 12:42:03+00:00
176,elonmusk,@JerryDunleavy Maybe he just loves looking at science?,13310,1032,2022-12-30 12:16:20+00:00
177,elonmusk,@JerryDunleavy creepy,81632,3612,2022-12-30 11:10:58+00:00
178,elonmusk,@universal_sci Carbs rock,22389,919,2022-12-30 10:50:02+00:00
179,elonmusk,@PPathole @KanekoaTheGreat Will do,2630,165,2022-12-30 09:46:51+00:00
180,elonmusk,@KanekoaTheGreat Odd ‚Ä¶,4433,467,2022-12-30 09:09:33+00:00
181,elonmusk,@KanekoaTheGreat Interesting thread,11304,1079,2022-12-30 09:08:29+00:00
182,elonmusk,@HistoryInPics Yes,14387,573,2022-12-30 08:51:24+00:00
183,elonmusk,@stevenmarkryan @WholeMarsBlog ‚Ä¶,2712,134,2022-12-30 08:50:23+00:00
184,elonmusk,@WholeMarsBlog Cocaine does not meet that test,4522,256,2022-12-30 08:45:07+00:00
185,elonmusk,"@WholeMarsBlog To assess if a drug is good, whether legal or illegal, the acid test is being able to say: 

[blank] made me a better person.",3964,327,2022-12-30 08:44:31+00:00
186,elonmusk,@Jiu_Jase @WholeMarsBlog Exactly,2426,121,2022-12-30 08:38:41+00:00
187,elonmusk,"@WholeMarsBlog I am not endorsing drugs, but I am saying that the evidence suggests that banning them is a net societal negative",6098,471,2022-12-30 08:37:09+00:00
188,elonmusk,"@WholeMarsBlog Banning alcohol caused the biggest rise in organized crime in American history. 

That was dumb.

Same logic applies to other drugs. Alcohol is just a legacy drug.",12911,1307,2022-12-30 08:13:33+00:00
